CREATE TABLE `columns` (
  `TABLEN` char(30) NOT NULL COMMENT '表名称',
  `FIELD` char(30) NOT NULL COMMENT '列名称',
  `ELEMENT` char(30) DEFAULT NULL,
  `DATATYPE` varchar(10) DEFAULT NULL COMMENT '数据类型',
  `LENGTH` int(4) DEFAULT NULL,
  `DECIM` int(2) DEFAULT NULL,
  `FIELDNAME` varchar(255) DEFAULT NULL COMMENT '列描述',
  `FIELDINDEX` int(4) DEFAULT '0' COMMENT '列的序号',
  `ISELEMENT` char(1) DEFAULT NULL,
  PRIMARY KEY (`TABLEN`,`FIELD`)
) ENGINE=InnoDB DEFAULT CHARSET=utf8 COMMENT='表中的列';

CREATE TABLE `element` (
  `ELEMENT` char(30) NOT NULL COMMENT '数据元素名称',
  `DATATYPE` varchar(10) NOT NULL DEFAULT 'VARCHAR' COMMENT '数据类型',
  `LENGTH` int(4) DEFAULT '10' COMMENT '数据长度',
  `DECIM` int(2) DEFAULT NULL COMMENT '小数精度',
  `SEARCHHELP` char(30) DEFAULT NULL COMMENT '搜索帮助名称',
  `FIELD` char(30) DEFAULT NULL COMMENT '搜索帮助字段名称',
  `ELEMENTNAME` varchar(255) DEFAULT NULL COMMENT '搜索帮助名称',
  PRIMARY KEY (`ELEMENT`),
  UNIQUE KEY `ELEMENT_UNIQUE` (`ELEMENT`)
) ENGINE=InnoDB DEFAULT CHARSET=utf8 COMMENT='数据元素表';

CREATE TABLE `searchhelp` (
  `SEARCHHELP` char(30) NOT NULL COMMENT '搜索帮助',
  `SEARCHHELPNAME` varchar(255) DEFAULT NULL COMMENT '搜索帮助描述',
  `SQL` varchar(1000) DEFAULT NULL,
  PRIMARY KEY (`SEARCHHELP`)
) ENGINE=InnoDB DEFAULT CHARSET=utf8 COMMENT='搜索帮助';

CREATE TABLE `searchhelpcolumn` (
  `SEARCHHELP` char(30) NOT NULL COMMENT '搜索帮助名称',
  `FIELD` char(30) NOT NULL COMMENT '列名称',
  PRIMARY KEY (`SEARCHHELP`,`FIELD`) ) ENGINE=InnoDB DEFAULT CHARSET=utf8 COMMENT='搜索帮助列名称';
  
  CREATE TABLE `tables` (
  `TABLEN` char(30) NOT NULL COMMENT '表名称',
  `TABLENAME` varchar(255) DEFAULT NULL COMMENT '表名描述',
  PRIMARY KEY (`TABLEN`)
) ENGINE=InnoDB DEFAULT CHARSET=utf8;

INSERT INTO `element` (`ELEMENT`,`DATATYPE`,`LENGTH`,`DECIM`,`SEARCHHELP`,`FIELD`,`ELEMENTNAME`) VALUES ('DATATYPE','CHAR',10,NULL,NULL,NULL,'数据类型');
INSERT INTO `element` (`ELEMENT`,`DATATYPE`,`LENGTH`,`DECIM`,`SEARCHHELP`,`FIELD`,`ELEMENTNAME`) VALUES ('DECIM','INT',2,NULL,NULL,NULL,'小数位数');
INSERT INTO `element` (`ELEMENT`,`DATATYPE`,`LENGTH`,`DECIM`,`SEARCHHELP`,`FIELD`,`ELEMENTNAME`) VALUES ('ELEMENT','CHAR',30,NULL,NULL,NULL,'数据元素');
INSERT INTO `element` (`ELEMENT`,`DATATYPE`,`LENGTH`,`DECIM`,`SEARCHHELP`,`FIELD`,`ELEMENTNAME`) VALUES ('FIAG','CHAR',1,NULL,NULL,NULL,'标示');
INSERT INTO `element` (`ELEMENT`,`DATATYPE`,`LENGTH`,`DECIM`,`SEARCHHELP`,`FIELD`,`ELEMENTNAME`) VALUES ('FIELD','CHAR',30,NULL,NULL,NULL,'列名称');
INSERT INTO `element` (`ELEMENT`,`DATATYPE`,`LENGTH`,`DECIM`,`SEARCHHELP`,`FIELD`,`ELEMENTNAME`) VALUES ('INDEX','INT',4,NULL,NULL,NULL,'序号');
INSERT INTO `element` (`ELEMENT`,`DATATYPE`,`LENGTH`,`DECIM`,`SEARCHHELP`,`FIELD`,`ELEMENTNAME`) VALUES ('LENGTH','INT',4,NULL,NULL,NULL,'长度');
INSERT INTO `element` (`ELEMENT`,`DATATYPE`,`LENGTH`,`DECIM`,`SEARCHHELP`,`FIELD`,`ELEMENTNAME`) VALUES ('NAME','CHAR',255,NULL,NULL,NULL,'描述');
INSERT INTO `element` (`ELEMENT`,`DATATYPE`,`LENGTH`,`DECIM`,`SEARCHHELP`,`FIELD`,`ELEMENTNAME`) VALUES ('SEARCHHELP','CHAR',30,NULL,NULL,NULL,'搜索帮助名称');
INSERT INTO `element` (`ELEMENT`,`DATATYPE`,`LENGTH`,`DECIM`,`SEARCHHELP`,`FIELD`,`ELEMENTNAME`) VALUES ('STRING','CHAR',1000,NULL,NULL,NULL,'长文本');
INSERT INTO `element` (`ELEMENT`,`DATATYPE`,`LENGTH`,`DECIM`,`SEARCHHELP`,`FIELD`,`ELEMENTNAME`) VALUES ('TABLE','CHAR',30,NULL,NULL,NULL,'表名称');

INSERT INTO `searchhelpcolumn` (`SEARCHHELP`,`FIELD`) VALUES ('ELEMENT','DATATYPE');
INSERT INTO `searchhelpcolumn` (`SEARCHHELP`,`FIELD`) VALUES ('ELEMENT','DECIM');
INSERT INTO `searchhelpcolumn` (`SEARCHHELP`,`FIELD`) VALUES ('ELEMENT','ELEMENT');
INSERT INTO `searchhelpcolumn` (`SEARCHHELP`,`FIELD`) VALUES ('ELEMENT','ELEMENTNAME');
INSERT INTO `searchhelpcolumn` (`SEARCHHELP`,`FIELD`) VALUES ('ELEMENT','FIELDNAME');
INSERT INTO `searchhelpcolumn` (`SEARCHHELP`,`FIELD`) VALUES ('ELEMENT','LENGTH');
INSERT INTO `searchhelpcolumn` (`SEARCHHELP`,`FIELD`) VALUES ('ELEMENT','SEARCHHELP');

INSERT INTO `searchhelp` (`SEARCHHELP`,`SEARCHHELPNAME`,`SQL`) VALUES ('ELEMENT','数据元素搜索帮助','select element  datatype length decim searchhelp fieldname elementname from element  ');

INSERT INTO `columns` (`TABLEN`,`FIELD`,`ELEMENT`,`DATATYPE`,`LENGTH`,`DECIM`,`FIELDNAME`,`FIELDINDEX`,`ISELEMENT`) VALUES ('COLUMNS','DATATYPE','DATATYPE',NULL,NULL,NULL,NULL,4,'X');
INSERT INTO `columns` (`TABLEN`,`FIELD`,`ELEMENT`,`DATATYPE`,`LENGTH`,`DECIM`,`FIELDNAME`,`FIELDINDEX`,`ISELEMENT`) VALUES ('COLUMNS','DECIM','DECIM',NULL,NULL,NULL,NULL,6,'X');
INSERT INTO `columns` (`TABLEN`,`FIELD`,`ELEMENT`,`DATATYPE`,`LENGTH`,`DECIM`,`FIELDNAME`,`FIELDINDEX`,`ISELEMENT`) VALUES ('COLUMNS','ELEMENT','ELEMENT',NULL,NULL,NULL,NULL,3,'X');
INSERT INTO `columns` (`TABLEN`,`FIELD`,`ELEMENT`,`DATATYPE`,`LENGTH`,`DECIM`,`FIELDNAME`,`FIELDINDEX`,`ISELEMENT`) VALUES ('COLUMNS','FIELD','FIELD',NULL,NULL,NULL,NULL,2,'X');
INSERT INTO `columns` (`TABLEN`,`FIELD`,`ELEMENT`,`DATATYPE`,`LENGTH`,`DECIM`,`FIELDNAME`,`FIELDINDEX`,`ISELEMENT`) VALUES ('COLUMNS','FIELDINDEX','INDEX',NULL,NULL,NULL,NULL,8,'X');
INSERT INTO `columns` (`TABLEN`,`FIELD`,`ELEMENT`,`DATATYPE`,`LENGTH`,`DECIM`,`FIELDNAME`,`FIELDINDEX`,`ISELEMENT`) VALUES ('COLUMNS','FIELDNAME','NAME',NULL,NULL,NULL,NULL,7,'X');
INSERT INTO `columns` (`TABLEN`,`FIELD`,`ELEMENT`,`DATATYPE`,`LENGTH`,`DECIM`,`FIELDNAME`,`FIELDINDEX`,`ISELEMENT`) VALUES ('COLUMNS','ISELEMENT','FLAG',NULL,NULL,NULL,NULL,9,'X');
INSERT INTO `columns` (`TABLEN`,`FIELD`,`ELEMENT`,`DATATYPE`,`LENGTH`,`DECIM`,`FIELDNAME`,`FIELDINDEX`,`ISELEMENT`) VALUES ('COLUMNS','LENGTH','LENGTH',NULL,NULL,NULL,NULL,5,'X');
INSERT INTO `columns` (`TABLEN`,`FIELD`,`ELEMENT`,`DATATYPE`,`LENGTH`,`DECIM`,`FIELDNAME`,`FIELDINDEX`,`ISELEMENT`) VALUES ('COLUMNS','TABLEN','TABLE',NULL,NULL,NULL,NULL,1,'X');
INSERT INTO `columns` (`TABLEN`,`FIELD`,`ELEMENT`,`DATATYPE`,`LENGTH`,`DECIM`,`FIELDNAME`,`FIELDINDEX`,`ISELEMENT`) VALUES ('ELEMENT','DATATYPE','DATATYPE',NULL,NULL,NULL,NULL,2,'X');
INSERT INTO `columns` (`TABLEN`,`FIELD`,`ELEMENT`,`DATATYPE`,`LENGTH`,`DECIM`,`FIELDNAME`,`FIELDINDEX`,`ISELEMENT`) VALUES ('ELEMENT','DECIM','DECIM',NULL,NULL,NULL,NULL,4,'X');
INSERT INTO `columns` (`TABLEN`,`FIELD`,`ELEMENT`,`DATATYPE`,`LENGTH`,`DECIM`,`FIELDNAME`,`FIELDINDEX`,`ISELEMENT`) VALUES ('ELEMENT','ELEMENT','ELEMENT',NULL,NULL,NULL,NULL,1,'X');
INSERT INTO `columns` (`TABLEN`,`FIELD`,`ELEMENT`,`DATATYPE`,`LENGTH`,`DECIM`,`FIELDNAME`,`FIELDINDEX`,`ISELEMENT`) VALUES ('ELEMENT','ELEMENTNAME','NAME',NULL,NULL,NULL,NULL,7,'X');
INSERT INTO `columns` (`TABLEN`,`FIELD`,`ELEMENT`,`DATATYPE`,`LENGTH`,`DECIM`,`FIELDNAME`,`FIELDINDEX`,`ISELEMENT`) VALUES ('ELEMENT','FIELD','FIELD',NULL,NULL,NULL,NULL,6,'X');
INSERT INTO `columns` (`TABLEN`,`FIELD`,`ELEMENT`,`DATATYPE`,`LENGTH`,`DECIM`,`FIELDNAME`,`FIELDINDEX`,`ISELEMENT`) VALUES ('ELEMENT','LENGTH','LENGTH',NULL,NULL,NULL,NULL,3,'X');
INSERT INTO `columns` (`TABLEN`,`FIELD`,`ELEMENT`,`DATATYPE`,`LENGTH`,`DECIM`,`FIELDNAME`,`FIELDINDEX`,`ISELEMENT`) VALUES ('ELEMENT','SEARCHHELP','SEARCHHELP',NULL,NULL,NULL,NULL,5,'X');
INSERT INTO `columns` (`TABLEN`,`FIELD`,`ELEMENT`,`DATATYPE`,`LENGTH`,`DECIM`,`FIELDNAME`,`FIELDINDEX`,`ISELEMENT`) VALUES ('SEARCHHELP','SEARCHHELP','SEARCHHELP',NULL,NULL,NULL,NULL,1,'X');
INSERT INTO `columns` (`TABLEN`,`FIELD`,`ELEMENT`,`DATATYPE`,`LENGTH`,`DECIM`,`FIELDNAME`,`FIELDINDEX`,`ISELEMENT`) VALUES ('SEARCHHELP','SEARCHHELPNAME','NAME',NULL,NULL,NULL,NULL,2,'X');
INSERT INTO `columns` (`TABLEN`,`FIELD`,`ELEMENT`,`DATATYPE`,`LENGTH`,`DECIM`,`FIELDNAME`,`FIELDINDEX`,`ISELEMENT`) VALUES ('SEARCHHELP','SQL','STRING',NULL,NULL,NULL,NULL,3,'X');
INSERT INTO `columns` (`TABLEN`,`FIELD`,`ELEMENT`,`DATATYPE`,`LENGTH`,`DECIM`,`FIELDNAME`,`FIELDINDEX`,`ISELEMENT`) VALUES ('SEARCHHELPCOLUMN','FIELD','FIELD',NULL,NULL,NULL,NULL,2,'X');
INSERT INTO `columns` (`TABLEN`,`FIELD`,`ELEMENT`,`DATATYPE`,`LENGTH`,`DECIM`,`FIELDNAME`,`FIELDINDEX`,`ISELEMENT`) VALUES ('SEARCHHELPCOLUMN','SEARCHHELP','SEARCHHELP',NULL,NULL,NULL,NULL,1,'X');
INSERT INTO `columns` (`TABLEN`,`FIELD`,`ELEMENT`,`DATATYPE`,`LENGTH`,`DECIM`,`FIELDNAME`,`FIELDINDEX`,`ISELEMENT`) VALUES ('TABLES','TABLEN','TABLE',NULL,NULL,NULL,NULL,1,'X');
INSERT INTO `columns` (`TABLEN`,`FIELD`,`ELEMENT`,`DATATYPE`,`LENGTH`,`DECIM`,`FIELDNAME`,`FIELDINDEX`,`ISELEMENT`) VALUES ('TABLES','TABLENAME','NAME',NULL,NULL,NULL,NULL,2,'X');

INSERT INTO `tables` (`TABLEN`,`TABLENAME`) VALUES ('COLUMNS','表中的列');
INSERT INTO `tables` (`TABLEN`,`TABLENAME`) VALUES ('ELEMENT','数据元素表');
INSERT INTO `tables` (`TABLEN`,`TABLENAME`) VALUES ('SEARCHHELP','搜索帮助');
INSERT INTO `tables` (`TABLEN`,`TABLENAME`) VALUES ('SEARCHHELPCOLUMN','搜索帮助的列');
INSERT INTO `tables` (`TABLEN`,`TABLENAME`) VALUES ('TABLES','表中的列');
